,start node,end node,demand
1,A,R,103.47773757442647
2,R,A,36.238253572511184
3,B,R,56.9425497005024
4,R,B,26.027159705031597
5,C,R,96.99669041175173
6,R,C,31.529645890236534
7,D,R,51.53028182882296
8,R,D,26.197193407063565
9,E,R,180.50786038390726
10,R,E,43.21704327231858
